ID,Name,Form,Type1,Type2,Total,HP,Attack,Defense,Sp. Atk,Sp. Def,Speed,Generation
1,Bulbasaur,None,Grass,Poison,318,45,49,49,65,65,45,1
2,Ivysaur,None,Grass,Poison,405,60,62,63,80,80,60,1
3,Venusaur,None,Grass,Poison,525,80,82,83,100,100,80,1
4,Charmander,None,Fire,None,309,39,52,43,60,50,65,1
5,Charmeleon,None,Fire,None,405,58,64,58,80,65,80,1
6,Charizard,None,Fire,Flying,534,78,84,78,109,85,100,1
7,Squirtle,None,Water,None,314,44,48,65,50,64,43,1
8,Wartortle,None,Water,None,405,59,63,80,65,80,58,1
9,Blastoise,None,Water,None,530,79,83,100,85,105,78,1
10,Caterpie,None,Bug,None,195,45,30,35,20,20,45,1
11,Metapod,None,Bug,None,205,50,20,55,25,25,30,1
12,Butterfree,None,Bug,Flying,395,60,45,50,90,80,70,1
13,Weedle,None,Bug,Poison,195,40,35,30,20,20,50,1
14,Kakuna,None,Bug,Poison,205,45,25,50,25,25,35,1
15,Beedrill,None,Bug,Poison,395,65,90,40,45,80,75,1
16,Pidgey,None,Normal,Flying,251,40,45,40,35,35,56,1
17,Pidgeotto,None,Normal,Flying,349,63,60,55,50,50,71,1
18,Pidgeot,None,Normal,Flying,479,83,80,75,70,70,101,1
19,Rattata,None,Normal,None,253,30,56,35,25,35,72,1
20,Raticate,None,Normal,None,413,55,81,60,50,70,97,1
21,Spearow,None,Normal,Flying,262,40,60,30,31,31,70,1
22,Fearow,None,Normal,Flying,442,65,90,65,61,61,100,1
23,Ekans,None,Poison,None,288,35,60,44,40,54,55,1
24,Arbok,None,Poison,None,448,60,95,69,65,79,80,1
25,Pikachu,None,Electric,None,320,35,55,40,50,50,90,1
26,Raichu,None,Electric,None,485,60,90,55,90,80,110,1
27,Sandshrew,None,Ground,None,300,50,75,85,20,30,40,1
28,Sandslash,None,Ground,None,450,75,100,110,45,55,65,1
29,Nidoran,Female,Poison,None,275,55,47,52,40,40,41,1
30,Nidorina,None,Poison,None,365,70,62,67,55,55,56,1
31,Nidoqueen,None,Poison,Ground,505,90,92,87,75,85,76,1
32,Nidoran,Male,Poison,None,273,46,57,40,40,40,50,1
33,Nidorino,None,Poison,None,365,61,72,57,55,55,65,1
34,Nidoking,None,Poison,Ground,505,81,102,77,85,75,85,1
35,Clefairy,None,Fairy,None,323,70,45,48,60,65,35,1
36,Clefable,None,Fairy,None,483,95,70,73,95,90,60,1
37,Vulpix,None,Fire,None,299,38,41,40,50,65,65,1
38,Ninetales,None,Fire,None,505,73,76,75,81,100,100,1
39,Jigglypuff,None,Normal,Fairy,270,115,45,20,45,25,20,1
40,Wigglytuff,None,Normal,Fairy,435,140,70,45,85,50,45,1
41,Zubat,None,Poison,Flying,245,40,45,35,30,40,55,1
42,Golbat,None,Poison,Flying,455,75,80,70,65,75,90,1
43,Oddish,None,Grass,Poison,320,45,50,55,75,65,30,1
44,Gloom,None,Grass,Poison,395,60,65,70,85,75,40,1
45,Vileplume,None,Grass,Poison,490,75,80,85,110,90,50,1
46,Paras,None,Bug,Grass,285,35,70,55,45,55,25,1
47,Parasect,None,Bug,Grass,405,60,95,80,60,80,30,1
48,Venonat,None,Bug,Poison,305,60,55,50,40,55,45,1
49,Venomoth,None,Bug,Poison,450,70,65,60,90,75,90,1
50,Diglett,None,Ground,None,265,10,55,25,35,45,95,1
51,Dugtrio,None,Ground,None,425,35,100,50,50,70,120,1
52,Meowth,None,Normal,None,290,40,45,35,40,40,90,1
53,Persian,None,Normal,None,440,65,70,60,65,65,115,1
54,Psyduck,None,Water,None,320,50,52,48,65,50,55,1
55,Golduck,None,Water,None,500,80,82,78,95,80,85,1
56,Mankey,None,Fighting,None,305,40,80,35,35,45,70,1
57,Primeape,None,Fighting,None,455,65,105,60,60,70,95,1
58,Growlithe,None,Fire,None,350,55,70,45,70,50,60,1
59,Arcanine,None,Fire,None,555,90,110,80,100,80,95,1
60,Poliwag,None,Water,None,300,40,50,40,40,40,90,1
61,Poliwhirl,None,Water,None,385,65,65,65,50,50,90,1
62,Poliwrath,None,Water,Fighting,510,90,95,95,70,90,70,1
63,Abra,None,Psychic,None,310,25,20,15,105,55,90,1
64,Kadabra,None,Psychic,None,400,40,35,30,120,70,105,1
65,Alakazam,None,Psychic,None,500,55,50,45,135,95,120,1
66,Machop,None,Fighting,None,305,70,80,50,35,35,35,1
67,Machoke,None,Fighting,None,405,80,100,70,50,60,45,1
68,Machamp,None,Fighting,None,505,90,130,80,65,85,55,1
69,Bellsprout,None,Grass,Poison,300,50,75,35,70,30,40,1
70,Weepinbell,None,Grass,Poison,390,65,90,50,85,45,55,1
71,Victreebel,None,Grass,Poison,490,80,105,65,100,70,70,1
72,Tentacool,None,Water,Poison,335,40,40,35,50,100,70,1
73,Tentacruel,None,Water,Poison,515,80,70,65,80,120,100,1
74,Geodude,None,Rock,Ground,300,40,80,100,30,30,20,1
75,Graveler,None,Rock,Ground,390,55,95,115,45,45,35,1
76,Golem,None,Rock,Ground,495,80,120,130,55,65,45,1
77,Ponyta,None,Fire,None,410,50,85,55,65,65,90,1
78,Rapidash,None,Fire,None,500,65,100,70,80,80,105,1
79,Slowpoke,None,Water,Psychic,315,90,65,65,40,40,15,1
80,Slowbro,None,Water,Psychic,490,95,75,110,100,80,30,1
81,Magnemite,None,Electric,Steel,325,25,35,70,95,55,45,1
82,Magneton,None,Electric,Steel,465,50,60,95,120,70,70,1
83,Farfetch'd,None,Normal,Flying,377,52,90,55,58,62,60,1
84,Doduo,None,Normal,Flying,310,35,85,45,35,35,75,1
85,Dodrio,None,Normal,Flying,470,60,110,70,60,60,110,1
86,Seel,None,Water,None,325,65,45,55,45,70,45,1
87,Dewgong,None,Water,Ice,475,90,70,80,70,95,70,1
88,Grimer,None,Poison,None,325,80,80,50,40,50,25,1
89,Muk,None,Poison,None,500,105,105,75,65,100,50,1
90,Shellder,None,Water,None,305,30,65,100,45,25,40,1
91,Cloyster,None,Water,Ice,525,50,95,180,85,45,70,1
92,Gastly,None,Ghost,Poison,310,30,35,30,100,35,80,1
93,Haunter,None,Ghost,Poison,405,45,50,45,115,55,95,1
94,Gengar,None,Ghost,Poison,500,60,65,60,130,75,110,1
95,Onix,None,Rock,Ground,385,35,45,160,30,45,70,1
96,Drowzee,None,Psychic,None,328,60,48,45,43,90,42,1
97,Hypno,None,Psychic,None,483,85,73,70,73,115,67,1
98,Krabby,None,Water,None,325,30,105,90,25,25,50,1
99,Kingler,None,Water,None,475,55,130,115,50,50,75,1
100,Voltorb,None,Electric,None,330,40,30,50,55,55,100,1
101,Electrode,None,Electric,None,490,60,50,70,80,80,150,1
102,Exeggcute,None,Grass,Psychic,325,60,40,80,60,45,40,1
103,Exeggutor,None,Grass,Psychic,530,95,95,85,125,75,55,1
104,Cubone,None,Ground,None,320,50,50,95,40,50,35,1
105,Marowak,None,Ground,None,425,60,80,110,50,80,45,1
106,Hitmonlee,None,Fighting,None,455,50,120,53,35,110,87,1
107,Hitmonchan,None,Fighting,None,455,50,105,79,35,110,76,1
108,Lickitung,None,Normal,None,385,90,55,75,60,75,30,1
109,Koffing,None,Poison,None,340,40,65,95,60,45,35,1
110,Weezing,None,Poison,None,490,65,90,120,85,70,60,1
111,Rhyhorn,None,Ground,Rock,345,80,85,95,30,30,25,1
112,Rhydon,None,Ground,Rock,485,105,130,120,45,45,40,1
113,Chansey,None,Normal,None,450,250,5,5,35,105,50,1
114,Tangela,None,Grass,None,435,65,55,115,100,40,60,1
115,Kangaskhan,None,Normal,None,490,105,95,80,40,80,90,1
116,Horsea,None,Water,None,295,30,40,70,70,25,60,1
117,Seadra,None,Water,None,440,55,65,95,95,45,85,1
118,Goldeen,None,Water,None,320,45,67,60,35,50,63,1
119,Seaking,None,Water,None,450,80,92,65,65,80,68,1
120,Staryu,None,Water,None,340,30,45,55,70,55,85,1
121,Starmie,None,Water,Psychic,520,60,75,85,100,85,115,1
122,Mr. Mime,None,Psychic,Fairy,460,40,45,65,100,120,90,1
123,Scyther,None,Bug,Flying,500,70,110,80,55,80,105,1
124,Jynx,None,Ice,Psychic,455,65,50,35,115,95,95,1
125,Electabuzz,None,Electric,None,490,65,83,57,95,85,105,1
126,Magmar,None,Fire,None,495,65,95,57,100,85,93,1
127,Pinsir,None,Bug,None,500,65,125,100,55,70,85,1
128,Tauros,None,Normal,None,490,75,100,95,40,70,110,1
129,Magikarp,None,Water,None,200,20,10,55,15,20,80,1
130,Gyarados,None,Water,Flying,540,95,125,79,60,100,81,1
131,Lapras,None,Water,Ice,535,130,85,80,85,95,60,1
132,Ditto,None,Normal,None,288,48,48,48,48,48,48,1
133,Eevee,None,Normal,None,325,55,55,50,45,65,55,1
134,Vaporeon,None,Water,None,525,130,65,60,110,95,65,1
135,Jolteon,None,Electric,None,525,65,65,60,110,95,130,1
136,Flareon,None,Fire,None,525,65,130,60,95,110,65,1
137,Porygon,None,Normal,None,395,65,60,70,85,75,40,1
138,Omanyte,None,Rock,Water,355,35,40,100,90,55,35,1
139,Omastar,None,Rock,Water,495,70,60,125,115,70,55,1
140,Kabuto,None,Rock,Water,355,30,80,90,55,45,55,1
141,Kabutops,None,Rock,Water,495,60,115,105,65,70,80,1
142,Aerodactyl,None,Rock,Flying,515,80,105,65,60,75,130,1
143,Snorlax,None,Normal,None,540,160,110,65,65,110,30,1
144,Articuno,None,Ice,Flying,580,90,85,100,95,125,85,1
145,Zapdos,None,Electric,Flying,580,90,90,85,125,90,100,1
146,Moltres,None,Fire,Flying,580,90,100,90,125,85,90,1
147,Dratini,None,Dragon,None,300,41,64,45,50,50,50,1
148,Dragonair,None,Dragon,None,420,61,84,65,70,70,70,1
149,Dragonite,None,Dragon,Flying,600,91,134,95,100,100,80,1
150,Mewtwo,None,Psychic,None,680,106,110,90,154,90,130,1
151,Mew,None,Psychic,None,600,100,100,100,100,100,100,1
152,Chikorita,None,Grass,None,318,45,49,65,49,65,45,2
153,Bayleef,None,Grass,None,405,60,62,80,63,80,60,2
154,Meganium,None,Grass,None,525,80,82,100,83,100,80,2
155,Cyndaquil,None,Fire,None,309,39,52,43,60,50,65,2
156,Quilava,None,Fire,None,405,58,64,58,80,65,80,2
157,Typhlosion,None,Fire,None,534,78,84,78,109,85,100,2
158,Totodile,None,Water,None,314,50,65,64,44,48,43,2
159,Croconaw,None,Water,None,405,65,80,80,59,63,58,2
160,Feraligatr,None,Water,None,530,85,105,100,79,83,78,2
161,Sentret,None,Normal,None,215,35,46,34,35,45,20,2
162,Furret,None,Normal,None,415,85,76,64,45,55,90,2
163,Hoothoot,None,Normal,Flying,262,60,30,30,36,56,50,2
164,Noctowl,None,Normal,Flying,452,100,50,50,86,96,70,2
165,Ledyba,None,Bug,Flying,265,40,20,30,40,80,55,2
166,Ledian,None,Bug,Flying,390,55,35,50,55,110,85,2
167,Spinarak,None,Bug,Poison,250,40,60,40,40,40,30,2
168,Ariados,None,Bug,Poison,400,70,90,70,60,70,40,2
169,Crobat,None,Poison,Flying,535,85,90,80,70,80,130,2
170,Chinchou,None,Water,Electric,330,75,38,38,56,56,67,2
171,Lanturn,None,Water,Electric,460,125,58,58,76,76,67,2
172,Pichu,None,Electric,None,205,20,40,15,35,35,60,2
173,Cleffa,None,Fairy,None,218,50,25,28,45,55,15,2
174,Igglybuff,None,Normal,Fairy,210,90,30,15,40,20,15,2
175,Togepi,None,Fairy,None,245,35,20,65,40,65,20,2
176,Togetic,None,Fairy,Flying,405,55,40,85,80,105,40,2
177,Natu,None,Psychic,Flying,320,40,50,45,70,45,70,2
178,Xatu,None,Psychic,Flying,470,65,75,70,95,70,95,2
179,Mareep,None,Electric,None,280,55,40,40,65,45,35,2
180,Flaaffy,None,Electric,None,365,70,55,55,80,60,45,2
181,Ampharos,None,Electric,None,510,90,75,85,115,90,55,2
182,Bellossom,None,Grass,None,490,75,80,95,90,100,50,2
183,Marill,None,Water,Fairy,250,70,20,50,20,50,40,2
184,Azumarill,None,Water,Fairy,420,100,50,80,60,80,50,2
185,Sudowoodo,None,Rock,None,410,70,100,115,30,65,30,2
186,Politoed,None,Water,None,500,90,75,75,90,100,70,2
187,Hoppip,None,Grass,Flying,250,35,35,40,35,55,50,2
188,Skiploom,None,Grass,Flying,340,55,45,50,45,65,80,2
189,Jumpluff,None,Grass,Flying,460,75,55,70,55,95,110,2
190,Aipom,None,Normal,None,360,55,70,55,40,55,85,2
191,Sunkern,None,Grass,None,180,30,30,30,30,30,30,2
192,Sunflora,None,Grass,None,425,75,75,55,105,85,30,2
193,Yanma,None,Bug,Flying,390,65,65,45,75,45,95,2
194,Wooper,None,Water,Ground,210,55,45,45,25,25,15,2
195,Quagsire,None,Water,Ground,430,95,85,85,65,65,35,2
196,Espeon,None,Psychic,None,525,65,65,60,130,95,110,2
197,Umbreon,None,Dark,None,525,95,65,110,60,130,65,2
198,Murkrow,None,Dark,Flying,405,60,85,42,85,42,91,2
199,Slowking,None,Water,Psychic,490,95,75,80,100,110,30,2
200,Misdreavus,None,Ghost,None,435,60,60,60,85,85,85,2
201,Unown,None,Psychic,None,336,48,72,48,72,48,48,2
202,Wobbuffet,None,Psychic,None,405,190,33,58,33,58,33,2
203,Girafarig,None,Normal,Psychic,455,70,80,65,90,65,85,2
204,Pineco,None,Bug,None,290,50,65,90,35,35,15,2
205,Forretress,None,Bug,Steel,465,75,90,140,60,60,40,2
206,Dunsparce,None,Normal,None,415,100,70,70,65,65,45,2
207,Gligar,None,Ground,Flying,430,65,75,105,35,65,85,2
208,Steelix,None,Steel,Ground,510,75,85,200,55,65,30,2
209,Snubbull,None,Fairy,None,300,60,80,50,40,40,30,2
210,Granbull,None,Fairy,None,450,90,120,75,60,60,45,2
211,Qwilfish,None,Water,Poison,440,65,95,85,55,55,85,2
212,Scizor,None,Bug,Steel,500,70,130,100,55,80,65,2
213,Shuckle,None,Bug,Rock,505,20,10,230,10,230,5,2
214,Heracross,None,Bug,Fighting,500,80,125,75,40,95,85,2
215,Sneasel,None,Dark,Ice,430,55,95,55,35,75,115,2
216,Teddiursa,None,Normal,None,330,60,80,50,50,50,40,2
217,Ursaring,None,Normal,None,500,90,130,75,75,75,55,2
218,Slugma,None,Fire,None,250,40,40,40,70,40,20,2
219,Magcargo,None,Fire,Rock,430,60,50,120,90,80,30,2
220,Swinub,None,Ice,Ground,250,50,50,40,30,30,50,2
221,Piloswine,None,Ice,Ground,450,100,100,80,60,60,50,2
222,Corsola,None,Water,Rock,410,65,55,95,65,95,35,2
223,Remoraid,None,Water,None,300,35,65,35,65,35,65,2
224,Octillery,None,Water,None,480,75,105,75,105,75,45,2
225,Delibird,None,Ice,Flying,330,45,55,45,65,45,75,2
226,Mantine,None,Water,Flying,485,85,40,70,80,140,70,2
227,Skarmory,None,Steel,Flying,465,65,80,140,40,70,70,2
228,Houndour,None,Dark,Fire,330,45,60,30,80,50,65,2
229,Houndoom,None,Dark,Fire,500,75,90,50,110,80,95,2
230,Kingdra,None,Water,Dragon,540,75,95,95,95,95,85,2
231,Phanpy,None,Ground,None,330,90,60,60,40,40,40,2
232,Donphan,None,Ground,None,500,90,120,120,60,60,50,2
233,Porygon2,None,Normal,None,515,85,80,90,105,95,60,2
234,Stantler,None,Normal,None,465,73,95,62,85,65,85,2
235,Smeargle,None,Normal,None,250,55,20,35,20,45,75,2
236,Tyrogue,None,Fighting,None,210,35,35,35,35,35,35,2
237,Hitmontop,None,Fighting,None,455,50,95,95,35,110,70,2
238,Smoochum,None,Ice,Psychic,305,45,30,15,85,65,65,2
239,Elekid,None,Electric,None,360,45,63,37,65,55,95,2
240,Magby,None,Fire,None,365,45,75,37,70,55,83,2
241,Miltank,None,Normal,None,490,95,80,105,40,70,100,2
242,Blissey,None,Normal,None,540,255,10,10,75,135,55,2
243,Raikou,None,Electric,None,580,90,85,75,115,100,115,2
244,Entei,None,Fire,None,580,115,115,85,90,75,100,2
245,Suicune,None,Water,None,580,100,75,115,90,115,85,2
246,Larvitar,None,Rock,Ground,300,50,64,50,45,50,41,2
247,Pupitar,None,Rock,Ground,410,70,84,70,65,70,51,2
248,Tyranitar,None,Rock,Dark,600,100,134,110,95,100,61,2
249,Lugia,None,Psychic,Flying,680,106,90,130,90,154,110,2
250,Ho-oh,None,Fire,Flying,680,106,130,90,110,154,90,2
251,Celebi,None,Psychic,Grass,600,100,100,100,100,100,100,2
252,Treecko,None,Grass,None,310,40,45,35,65,55,70,3
253,Grovyle,None,Grass,None,405,50,65,45,85,65,95,3
254,Sceptile,None,Grass,None,530,70,85,65,105,85,120,3
255,Torchic,None,Fire,None,310,45,60,40,70,50,45,3
256,Combusken,None,Fire,Fighting,405,60,85,60,85,60,55,3
257,Blaziken,None,Fire,Fighting,530,80,120,70,110,70,80,3
258,Mudkip,None,Water,None,310,50,70,50,50,50,40,3
259,Marshtomp,None,Water,Ground,405,70,85,70,60,70,50,3
260,Swampert,None,Water,Ground,535,100,110,90,85,90,60,3
261,Poochyena,None,Dark,None,220,35,55,35,30,30,35,3
262,Mightyena,None,Dark,None,420,70,90,70,60,60,70,3
263,Zigzagoon,None,Normal,None,240,38,30,41,30,41,60,3
264,Linoone,None,Normal,None,420,78,70,61,50,61,100,3
265,Wurmple,None,Bug,None,195,45,45,35,20,30,20,3
266,Silcoon,None,Bug,None,205,50,35,55,25,25,15,3
267,Beautifly,None,Bug,Flying,395,60,70,50,100,50,65,3
268,Cascoon,None,Bug,None,205,50,35,55,25,25,15,3
269,Dustox,None,Bug,Poison,385,60,50,70,50,90,65,3
270,Lotad,None,Water,Grass,220,40,30,30,40,50,30,3
271,Lombre,None,Water,Grass,340,60,50,50,60,70,50,3
272,Ludicolo,None,Water,Grass,480,80,70,70,90,100,70,3
273,Seedot,None,Grass,None,220,40,40,50,30,30,30,3
274,Nuzleaf,None,Grass,Dark,340,70,70,40,60,40,60,3
275,Shiftry,None,Grass,Dark,480,90,100,60,90,60,80,3
276,Taillow,None,Normal,Flying,270,40,55,30,30,30,85,3
277,Swellow,None,Normal,Flying,455,60,85,60,75,50,125,3
278,Wingull,None,Water,Flying,270,40,30,30,55,30,85,3
279,Pelipper,None,Water,Flying,440,60,50,100,95,70,65,3
280,Ralts,None,Psychic,Fairy,198,28,25,25,45,35,40,3
281,Kirlia,None,Psychic,Fairy,278,38,35,35,65,55,50,3
282,Gardevoir,None,Psychic,Fairy,518,68,65,65,125,115,80,3
283,Surskit,None,Bug,Water,269,40,30,32,50,52,65,3
284,Masquerain,None,Bug,Flying,454,70,60,62,100,82,80,3
285,Shroomish,None,Grass,None,295,60,40,60,40,60,35,3
286,Breloom,None,Grass,Fighting,460,60,130,80,60,60,70,3
287,Slakoth,None,Normal,None,280,60,60,60,35,35,30,3
288,Vigoroth,None,Normal,None,440,80,80,80,55,55,90,3
289,Slaking,None,Normal,None,670,150,160,100,95,65,100,3
290,Nincada,None,Bug,Ground,266,31,45,90,30,30,40,3
291,Ninjask,None,Bug,Flying,456,61,90,45,50,50,160,3
292,Shedinja,None,Bug,Ghost,236,1,90,45,30,30,40,3
293,Whismur,None,Normal,None,240,64,51,23,51,23,28,3
294,Loudred,None,Normal,None,360,84,71,43,71,43,48,3
295,Exploud,None,Normal,None,490,104,91,63,91,73,68,3
296,Makuhita,None,Fighting,None,237,72,60,30,20,30,25,3
297,Hariyama,None,Fighting,None,474,144,120,60,40,60,50,3
298,Azurill,None,Normal,Fairy,190,50,20,40,20,40,20,3
299,Nosepass,None,Rock,None,375,30,45,135,45,90,30,3
300,Skitty,None,Normal,None,260,50,45,45,35,35,50,3
301,Delcatty,None,Normal,None,400,70,65,65,55,55,90,3
302,Sableye,None,Dark,Ghost,380,50,75,75,65,65,50,3
303,Mawile,None,Steel,Fairy,380,50,85,85,55,55,50,3
304,Aron,None,Steel,Rock,330,50,70,100,40,40,30,3
305,Lairon,None,Steel,Rock,430,60,90,140,50,50,40,3
306,Aggron,None,Steel,Rock,530,70,110,180,60,60,50,3
307,Meditite,None,Fighting,Psychic,280,30,40,55,40,55,60,3
308,Medicham,None,Fighting,Psychic,410,60,60,75,60,75,80,3
309,Electrike,None,Electric,None,295,40,45,40,65,40,65,3
310,Manectric,None,Electric,None,475,70,75,60,105,60,105,3
311,Plusle,None,Electric,None,405,60,50,40,85,75,95,3
312,Minun,None,Electric,None,405,60,40,50,75,85,95,3
313,Volbeat,None,Bug,None,430,65,73,75,47,85,85,3
314,Illumise,None,Bug,None,430,65,47,75,73,85,85,3
315,Roselia,None,Grass,Poison,400,50,60,45,100,80,65,3
316,Gulpin,None,Poison,None,302,70,43,53,43,53,40,3
317,Swalot,None,Poison,None,467,100,73,83,73,83,55,3
318,Carvanha,None,Water,Dark,305,45,90,20,65,20,65,3
319,Sharpedo,None,Water,Dark,460,70,120,40,95,40,95,3
320,Wailmer,None,Water,None,400,130,70,35,70,35,60,3
321,Wailord,None,Water,None,500,170,90,45,90,45,60,3
322,Numel,None,Fire,Ground,305,60,60,40,65,45,35,3
323,Camerupt,None,Fire,Ground,460,70,100,70,105,75,40,3
324,Torkoal,None,Fire,None,470,70,85,140,85,70,20,3
325,Spoink,None,Psychic,None,330,60,25,35,70,80,60,3
326,Grumpig,None,Psychic,None,470,80,45,65,90,110,80,3
327,Spinda,None,Normal,None,360,60,60,60,60,60,60,3
328,Trapinch,None,Ground,None,290,45,100,45,45,45,10,3
329,Vibrava,None,Ground,Dragon,340,50,70,50,50,50,70,3
330,Flygon,None,Ground,Dragon,520,80,100,80,80,80,100,3
331,Cacnea,None,Grass,None,335,50,85,40,85,40,35,3
332,Cacturne,None,Grass,Dark,475,70,115,60,115,60,55,3
333,Swablu,None,Normal,Flying,310,45,40,60,40,75,50,3
334,Altaria,None,Dragon,Flying,490,75,70,90,70,105,80,3
335,Zangoose,None,Normal,None,458,73,115,60,60,60,90,3
336,Seviper,None,Poison,None,458,73,100,60,100,60,65,3
337,Lunatone,None,Rock,Psychic,460,90,55,65,95,85,70,3
338,Solrock,None,Rock,Psychic,460,90,95,85,55,65,70,3
339,Barboach,None,Water,Ground,288,50,48,43,46,41,60,3
340,Whiscash,None,Water,Ground,468,110,78,73,76,71,60,3
341,Corphish,None,Water,None,308,43,80,65,50,35,35,3
342,Crawdaunt,None,Water,Dark,468,63,120,85,90,55,55,3
343,Baltoy,None,Ground,Psychic,300,40,40,55,40,70,55,3
344,Claydol,None,Ground,Psychic,500,60,70,105,70,120,75,3
345,Lileep,None,Rock,Grass,355,66,41,77,61,87,23,3
346,Cradily,None,Rock,Grass,495,86,81,97,81,107,43,3
347,Anorith,None,Rock,Bug,355,45,95,50,40,50,75,3
348,Armaldo,None,Rock,Bug,495,75,125,100,70,80,45,3
349,Feebas,None,Water,None,200,20,15,20,10,55,80,3
350,Milotic,None,Water,None,540,95,60,79,100,125,81,3
351,Castform,None,Normal,None,420,70,70,70,70,70,70,3
352,Kecleon,None,Normal,None,440,60,90,70,60,120,40,3
353,Shuppet,None,Ghost,None,295,44,75,35,63,33,45,3
354,Banette,None,Ghost,None,455,64,115,65,83,63,65,3
355,Duskull,None,Ghost,None,295,20,40,90,30,90,25,3
356,Dusclops,None,Ghost,None,455,40,70,130,60,130,25,3
357,Tropius,None,Grass,Flying,460,99,68,83,72,87,51,3
358,Chimecho,None,Psychic,None,455,75,50,80,95,90,65,3
359,Absol,None,Dark,None,465,65,130,60,75,60,75,3
360,Wynaut,None,Psychic,None,260,95,23,48,23,48,23,3
361,Snorunt,None,Ice,None,300,50,50,50,50,50,50,3
362,Glalie,None,Ice,None,480,80,80,80,80,80,80,3
363,Spheal,None,Ice,Water,290,70,40,50,55,50,25,3
364,Sealeo,None,Ice,Water,410,90,60,70,75,70,45,3
365,Walrein,None,Ice,Water,530,110,80,90,95,90,65,3
366,Clamperl,None,Water,None,345,35,64,85,74,55,32,3
367,Huntail,None,Water,None,485,55,104,105,94,75,52,3
368,Gorebyss,None,Water,None,485,55,84,105,114,75,52,3
369,Relicanth,None,Water,Rock,485,100,90,130,45,65,55,3
370,Luvdisc,None,Water,None,330,43,30,55,40,65,97,3
371,Bagon,None,Dragon,None,300,45,75,60,40,30,50,3
372,Shelgon,None,Dragon,None,420,65,95,100,60,50,50,3
373,Salamence,None,Dragon,Flying,600,95,135,80,110,80,100,3
374,Beldum,None,Steel,Psychic,300,40,55,80,35,60,30,3
375,Metang,None,Steel,Psychic,420,60,75,100,55,80,50,3
376,Metagross,None,Steel,Psychic,600,80,135,130,95,90,70,3
377,Regirock,None,Rock,None,580,80,100,200,50,100,50,3
378,Regice,None,Ice,None,580,80,50,100,100,200,50,3
379,Registeel,None,Steel,None,580,80,75,150,75,150,50,3
380,Latias,None,Dragon,Psychic,600,80,80,90,110,130,110,3
381,Latios,None,Dragon,Psychic,600,80,90,80,130,110,110,3
382,Kyogre,None,Water,None,670,100,100,90,150,140,90,3
383,Groudon,None,Ground,None,670,100,150,140,100,90,90,3
384,Rayquaza,None,Dragon,Flying,680,105,150,90,150,90,95,3
385,Jirachi,None,Steel,Psychic,600,100,100,100,100,100,100,3
386,Deoxys,None,Psychic,None,600,50,150,50,150,50,150,3
387,Turtwig,None,Grass,None,318,55,68,64,45,55,31,4
388,Grotle,None,Grass,None,405,75,89,85,55,65,36,4
389,Torterra,None,Grass,Ground,525,95,109,105,75,85,56,4
390,Chimchar,None,Fire,None,309,44,58,44,58,44,61,4
391,Monferno,None,Fire,Fighting,405,64,78,52,78,52,81,4
392,Infernape,None,Fire,Fighting,534,76,104,71,104,71,108,4
393,Piplup,None,Water,None,314,53,51,53,61,56,40,4
394,Prinplup,None,Water,None,405,64,66,68,81,76,50,4
395,Empoleon,None,Water,Steel,530,84,86,88,111,101,60,4
396,Starly,None,Normal,Flying,245,40,55,30,30,30,60,4
397,Staravia,None,Normal,Flying,340,55,75,50,40,40,80,4
398,Staraptor,None,Normal,Flying,485,85,120,70,50,60,100,4
399,Bidoof,None,Normal,None,250,59,45,40,35,40,31,4
400,Bibarel,None,Normal,Water,410,79,85,60,55,60,71,4
401,Kricketot,None,Bug,None,194,37,25,41,25,41,25,4
402,Kricketune,None,Bug,None,384,77,85,51,55,51,65,4
403,Shinx,None,Electric,None,263,45,65,34,40,34,45,4
404,Luxio,None,Electric,None,363,60,85,49,60,49,60,4
405,Luxray,None,Electric,None,523,80,120,79,95,79,70,4
406,Budew,None,Grass,Poison,280,40,30,35,50,70,55,4
407,Roserade,None,Grass,Poison,515,60,70,65,125,105,90,4
408,Cranidos,None,Rock,None,350,67,125,40,30,30,58,4
409,Rampardos,None,Rock,None,495,97,165,60,65,50,58,4
410,Shieldon,None,Rock,Steel,350,30,42,118,42,88,30,4
411,Bastiodon,None,Rock,Steel,495,60,52,168,47,138,30,4
412,Burmy,Plant Cloak,Bug,None,224,40,29,45,29,45,36,4
413,Wormadam,Plant Cloak,Bug,Grass,424,60,59,85,79,105,36,4
414,Mothim,None,Bug,Flying,424,70,94,50,94,50,66,4
415,Combee,None,Bug,Flying,244,30,30,42,30,42,70,4
416,Vespiquen,None,Bug,Flying,474,70,80,102,80,102,40,4
417,Pachirisu,None,Electric,None,405,60,45,70,45,90,95,4
418,Buizel,None,Water,None,330,55,65,35,60,30,85,4
419,Floatzel,None,Water,None,495,85,105,55,85,50,115,4
420,Cherubi,None,Grass,None,275,45,35,45,62,53,35,4
421,Cherrim,None,Grass,None,450,70,60,70,87,78,85,4
422,Shellos,None,Water,None,325,76,48,48,57,62,34,4
423,Gastrodon,None,Water,Ground,475,111,83,68,92,82,39,4
424,Ambipom,None,Normal,None,482,75,100,66,60,66,115,4
425,Drifloon,None,Ghost,Flying,348,90,50,34,60,44,70,4
426,Drifblim,None,Ghost,Flying,498,150,80,44,90,54,80,4
427,Buneary,None,Normal,None,350,55,66,44,44,56,85,4
428,Lopunny,None,Normal,None,480,65,76,84,54,96,105,4
429,Mismagius,None,Ghost,None,495,60,60,60,105,105,105,4
430,Honchkrow,None,Dark,Flying,505,100,125,52,105,52,71,4
431,Glameow,None,Normal,None,310,49,55,42,42,37,85,4
432,Purugly,None,Normal,None,452,71,82,64,64,59,112,4
433,Chingling,None,Psychic,None,285,45,30,50,65,50,45,4
434,Stunky,None,Poison,Dark,329,63,63,47,41,41,74,4
435,Skuntank,None,Poison,Dark,479,103,93,67,71,61,84,4
436,Bronzor,None,Steel,Psychic,300,57,24,86,24,86,23,4
437,Bronzong,None,Steel,Psychic,500,67,89,116,79,116,33,4
438,Bonsly,None,Rock,None,290,50,80,95,10,45,10,4
439,Mime Jr.,None,Psychic,Fairy,310,20,25,45,70,90,60,4
440,Happiny,None,Normal,None,220,100,5,5,15,65,30,4
441,Chatot,None,Normal,Flying,411,76,65,45,92,42,91,4
442,Spiritomb,None,Ghost,Dark,485,50,92,108,92,108,35,4
443,Gible,None,Dragon,Ground,300,58,70,45,40,45,42,4
444,Gabite,None,Dragon,Ground,410,68,90,65,50,55,82,4
445,Garchomp,None,Dragon,Ground,600,108,130,95,80,85,102,4
446,Munchlax,None,Normal,None,390,135,85,40,40,85,5,4
447,Riolu,None,Fighting,None,285,40,70,40,35,40,60,4
448,Lucario,None,Fighting,Steel,525,70,110,70,115,70,90,4
449,Hippopotas,None,Ground,None,330,68,72,78,38,42,32,4
450,Hippowdon,None,Ground,None,525,108,112,118,68,72,47,4
451,Skorupi,None,Poison,Bug,330,40,50,90,30,55,65,4
452,Drapion,None,Poison,Dark,500,70,90,110,60,75,95,4
453,Croagunk,None,Poison,Fighting,300,48,61,40,61,40,50,4
454,Toxicroak,None,Poison,Fighting,490,83,106,65,86,65,85,4
455,Carnivine,None,Grass,None,454,74,100,72,90,72,46,4
456,Finneon,None,Water,None,330,49,49,56,49,61,66,4
457,Lumineon,None,Water,None,460,69,69,76,69,86,91,4
458,Mantyke,None,Water,Flying,345,45,20,50,60,120,50,4
459,Snover,None,Grass,Ice,334,60,62,50,62,60,40,4
460,Abomasnow,None,Grass,Ice,494,90,92,75,92,85,60,4
461,Weavile,None,Dark,Ice,510,70,120,65,45,85,125,4
462,Magnezone,None,Electric,Steel,535,70,70,115,130,90,60,4
463,Lickilicky,None,Normal,None,515,110,85,95,80,95,50,4
464,Rhyperior,None,Ground,Rock,535,115,140,130,55,55,40,4
465,Tangrowth,None,Grass,None,535,100,100,125,110,50,50,4
466,Electivire,None,Electric,None,540,75,123,67,95,85,95,4
467,Magmortar,None,Fire,None,540,75,95,67,125,95,83,4
468,Togekiss,None,Fairy,Flying,545,85,50,95,120,115,80,4
469,Yanmega,None,Bug,Flying,515,86,76,86,116,56,95,4
470,Leafeon,None,Grass,None,525,65,110,130,60,65,95,4
471,Glaceon,None,Ice,None,525,65,60,110,130,95,65,4
472,Gliscor,None,Ground,Flying,510,75,95,125,45,75,95,4
473,Mamoswine,None,Ice,Ground,530,110,130,80,70,60,80,4
474,Porygon-Z,None,Normal,None,535,85,80,70,135,75,90,4
475,Gallade,None,Psychic,Fighting,518,68,125,65,65,115,80,4
476,Probopass,None,Rock,Steel,525,60,55,145,75,150,40,4
477,Dusknoir,None,Ghost,None,525,45,100,135,65,135,45,4
478,Froslass,None,Ice,Ghost,480,70,80,70,80,70,110,4
479,Rotom,None,Electric,Ghost,440,50,50,77,95,77,91,4
480,Uxie,None,Psychic,None,580,75,75,130,75,130,95,4
481,Mesprit,None,Psychic,None,580,80,105,105,105,105,80,4
482,Azelf,None,Psychic,None,580,75,125,70,125,70,115,4
483,Dialga,None,Steel,Dragon,680,100,120,120,150,100,90,4
484,Palkia,None,Water,Dragon,680,90,120,100,150,120,100,4
485,Heatran,None,Fire,Steel,600,91,90,106,130,106,77,4
486,Regigigas,None,Normal,None,670,110,160,110,80,110,100,4
487,Giratina,Altered Forme,Ghost,Dragon,680,150,100,120,100,120,90,4
488,Cresselia,None,Psychic,None,580,120,70,110,75,120,85,4
489,Phione,None,Water,None,480,80,80,80,80,80,80,4
490,Manaphy,None,Water,None,600,100,100,100,100,100,100,4
491,Darkrai,None,Dark,None,600,70,90,90,135,90,125,4
492,Shaymin,Land Forme,Grass,None,600,100,100,100,100,100,100,4
493,Arceus,None,Normal,None,720,120,120,120,120,120,120,4
494,Victini,None,Psychic,Fire,600,100,100,100,100,100,100,5
495,Snivy,None,Grass,None,308,45,45,55,45,55,63,5
496,Servine,None,Grass,None,413,60,60,75,60,75,83,5
497,Serperior,None,Grass,None,528,75,75,95,75,95,113,5
498,Tepig,None,Fire,None,308,65,63,45,45,45,45,5
499,Pignite,None,Fire,Fighting,418,90,93,55,70,55,55,5
500,Emboar,None,Fire,Fighting,528,110,123,65,100,65,65,5
501,Oshawott,None,Water,None,308,55,55,45,63,45,45,5
502,Dewott,None,Water,None,413,75,75,60,83,60,60,5
503,Samurott,None,Water,None,528,95,100,85,108,70,70,5
504,Patrat,None,Normal,None,255,45,55,39,35,39,42,5
505,Watchog,None,Normal,None,420,60,85,69,60,69,77,5
506,Lillipup,None,Normal,None,275,45,60,45,25,45,55,5
507,Herdier,None,Normal,None,370,65,80,65,35,65,60,5
508,Stoutland,None,Normal,None,500,85,110,90,45,90,80,5
509,Purrloin,None,Dark,None,281,41,50,37,50,37,66,5
510,Liepard,None,Dark,None,446,64,88,50,88,50,106,5
511,Pansage,None,Grass,None,316,50,53,48,53,48,64,5
512,Simisage,None,Grass,None,498,75,98,63,98,63,101,5
513,Pansear,None,Fire,None,316,50,53,48,53,48,64,5
514,Simisear,None,Fire,None,498,75,98,63,98,63,101,5
515,Panpour,None,Water,None,316,50,53,48,53,48,64,5
516,Simipour,None,Water,None,498,75,98,63,98,63,101,5
517,Munna,None,Psychic,None,292,76,25,45,67,55,24,5
518,Musharna,None,Psychic,None,487,116,55,85,107,95,29,5
519,Pidove,None,Normal,Flying,264,50,55,50,36,30,43,5
520,Tranquill,None,Normal,Flying,358,62,77,62,50,42,65,5
521,Unfezant,None,Normal,Flying,488,80,115,80,65,55,93,5
522,Blitzle,None,Electric,None,295,45,60,32,50,32,76,5
523,Zebstrika,None,Electric,None,497,75,100,63,80,63,116,5
524,Roggenrola,None,Rock,None,280,55,75,85,25,25,15,5
525,Boldore,None,Rock,None,390,70,105,105,50,40,20,5
526,Gigalith,None,Rock,None,515,85,135,130,60,80,25,5
527,Woobat,None,Psychic,Flying,323,65,45,43,55,43,72,5
528,Swoobat,None,Psychic,Flying,425,67,57,55,77,55,114,5
529,Drilbur,None,Ground,None,328,60,85,40,30,45,68,5
530,Excadrill,None,Ground,Steel,508,110,135,60,50,65,88,5
531,Audino,None,Normal,None,445,103,60,86,60,86,50,5
532,Timburr,None,Fighting,None,305,75,80,55,25,35,35,5
533,Gurdurr,None,Fighting,None,405,85,105,85,40,50,40,5
534,Conkeldurr,None,Fighting,None,505,105,140,95,55,65,45,5
535,Tympole,None,Water,None,294,50,50,40,50,40,64,5
536,Palpitoad,None,Water,Ground,384,75,65,55,65,55,69,5
537,Seismitoad,None,Water,Ground,509,105,95,75,85,75,74,5
538,Throh,None,Fighting,None,465,120,100,85,30,85,45,5
539,Sawk,None,Fighting,None,465,75,125,75,30,75,85,5
540,Sewaddle,None,Bug,Grass,310,45,53,70,40,60,42,5
541,Swadloon,None,Bug,Grass,380,55,63,90,50,80,42,5
542,Leavanny,None,Bug,Grass,500,75,103,80,70,80,92,5
543,Venipede,None,Bug,Poison,260,30,45,59,30,39,57,5
544,Whirlipede,None,Bug,Poison,360,40,55,99,40,79,47,5
545,Scolipede,None,Bug,Poison,485,60,100,89,55,69,112,5
546,Cottonee,None,Grass,Fairy,280,40,27,60,37,50,66,5
547,Whimsicott,None,Grass,Fairy,480,60,67,85,77,75,116,5
548,Petilil,None,Grass,None,280,45,35,50,70,50,30,5
549,Lilligant,None,Grass,None,480,70,60,75,110,75,90,5
550,Basculin,Blue-Striped Form,Water,None,460,70,92,65,80,55,98,5
551,Sandile,None,Ground,Dark,292,50,72,35,35,35,65,5
552,Krokorok,None,Ground,Dark,351,60,82,45,45,45,74,5
553,Krookodile,None,Ground,Dark,519,95,117,80,65,70,92,5
554,Darumaka,None,Fire,None,315,70,90,45,15,45,50,5
555,Darmanitan,None,Fire,None,480,105,140,55,30,55,95,8
556,Maractus,None,Grass,None,461,75,86,67,106,67,60,5
557,Dwebble,None,Bug,Rock,325,50,65,85,35,35,55,5
558,Crustle,None,Bug,Rock,485,70,105,125,65,75,45,5
559,Scraggy,None,Dark,Fighting,348,50,75,70,35,70,48,5
560,Scrafty,None,Dark,Fighting,488,65,90,115,45,115,58,5
561,Sigilyph,None,Psychic,Flying,490,72,58,80,103,80,97,5
562,Yamask,None,Ghost,None,303,38,30,85,55,65,30,5
563,Cofagrigus,None,Ghost,None,483,58,50,145,95,105,30,5
564,Tirtouga,None,Water,Rock,355,54,78,103,53,45,22,5
565,Carracosta,None,Water,Rock,495,74,108,133,83,65,32,5
566,Archen,None,Rock,Flying,401,55,112,45,74,45,70,5
567,Archeops,None,Rock,Flying,567,75,140,65,112,65,110,5
568,Trubbish,None,Poison,None,329,50,50,62,40,62,65,5
569,Garbodor,None,Poison,None,474,80,95,82,60,82,75,5
570,Zorua,None,Dark,None,330,40,65,40,80,40,65,5
571,Zoroark,None,Dark,None,510,60,105,60,120,60,105,5
572,Minccino,None,Normal,None,300,55,50,40,40,40,75,5
573,Cinccino,None,Normal,None,470,75,95,60,65,60,115,5
574,Gothita,None,Psychic,None,290,45,30,50,55,65,45,5
575,Gothorita,None,Psychic,None,390,60,45,70,75,85,55,5
576,Gothitelle,None,Psychic,None,490,70,55,95,95,110,65,5
577,Solosis,None,Psychic,None,290,45,30,40,105,50,20,5
578,Duosion,None,Psychic,None,370,65,40,50,125,60,30,5
579,Reuniclus,None,Psychic,None,490,110,65,75,125,85,30,5
580,Ducklett,None,Water,Flying,305,62,44,50,44,50,55,5
581,Swanna,None,Water,Flying,473,75,87,63,87,63,98,5
582,Vanillite,None,Ice,None,305,36,50,50,65,60,44,5
583,Vanillish,None,Ice,None,395,51,65,65,80,75,59,5
584,Vanilluxe,None,Ice,None,535,71,95,85,110,95,79,5
585,Deerling,None,Normal,Grass,335,60,60,50,40,50,75,5
586,Sawsbuck,None,Normal,Grass,475,80,100,70,60,70,95,5
587,Emolga,None,Electric,Flying,428,55,75,60,75,60,103,5
588,Karrablast,None,Bug,None,315,50,75,45,40,45,60,5
589,Escavalier,None,Bug,Steel,495,70,135,105,60,105,20,5
590,Foongus,None,Grass,Poison,294,69,55,45,55,55,15,5
591,Amoonguss,None,Grass,Poison,464,114,85,70,85,80,30,5
592,Frillish,None,Water,Ghost,335,55,40,50,65,85,40,5
593,Jellicent,None,Water,Ghost,480,100,60,70,85,105,60,5
594,Alomomola,None,Water,None,470,165,75,80,40,45,65,5
595,Joltik,None,Bug,Electric,319,50,47,50,57,50,65,5
596,Galvantula,None,Bug,Electric,472,70,77,60,97,60,108,5
597,Ferroseed,None,Grass,Steel,305,44,50,91,24,86,10,5
598,Ferrothorn,None,Grass,Steel,489,74,94,131,54,116,20,5
599,Klink,None,Steel,None,300,40,55,70,45,60,30,5
600,Klang,None,Steel,None,440,60,80,95,70,85,50,5
601,Klinklang,None,Steel,None,520,60,100,115,70,85,90,5
602,Tynamo,None,Electric,None,275,35,55,40,45,40,60,5
603,Eelektrik,None,Electric,None,405,65,85,70,75,70,40,5
604,Eelektross,None,Electric,None,515,85,115,80,105,80,50,5
605,Elgyem,None,Psychic,None,335,55,55,55,85,55,30,5
606,Beheeyem,None,Psychic,None,485,75,75,75,125,95,40,5
607,Litwick,None,Ghost,Fire,275,50,30,55,65,55,20,5
608,Lampent,None,Ghost,Fire,370,60,40,60,95,60,55,5
609,Chandelure,None,Ghost,Fire,520,60,55,90,145,90,80,5
610,Axew,None,Dragon,None,320,46,87,60,30,40,57,5
611,Fraxure,None,Dragon,None,410,66,117,70,40,50,67,5
612,Haxorus,None,Dragon,None,540,76,147,90,60,70,97,5
613,Cubchoo,None,Ice,None,305,55,70,40,60,40,40,5
614,Beartic,None,Ice,None,505,95,130,80,70,80,50,5
615,Cryogonal,None,Ice,None,515,80,50,50,95,135,105,5
616,Shelmet,None,Bug,None,305,50,40,85,40,65,25,5
617,Accelgor,None,Bug,None,495,80,70,40,100,60,145,5
618,Stunfisk,None,Ground,Electric,471,109,66,84,81,99,32,5
619,Mienfoo,None,Fighting,None,350,45,85,50,55,50,65,5
620,Mienshao,None,Fighting,None,510,65,125,60,95,60,105,5
621,Druddigon,None,Dragon,None,485,77,120,90,60,90,48,5
622,Golett,None,Ground,Ghost,303,59,74,50,35,50,35,5
623,Golurk,None,Ground,Ghost,483,89,124,80,55,80,55,5
624,Pawniard,None,Dark,Steel,340,45,85,70,40,40,60,5
625,Bisharp,None,Dark,Steel,490,65,125,100,60,70,70,5
626,Bouffalant,None,Normal,None,490,95,110,95,40,95,55,5
627,Rufflet,None,Normal,Flying,350,70,83,50,37,50,60,5
628,Braviary,None,Normal,Flying,510,100,123,75,57,75,80,5
629,Vullaby,None,Dark,Flying,370,70,55,75,45,65,60,5
630,Mandibuzz,None,Dark,Flying,510,110,65,105,55,95,80,5
631,Heatmor,None,Fire,None,484,85,97,66,105,66,65,5
632,Durant,None,Bug,Steel,484,58,109,112,48,48,109,5
633,Deino,None,Dark,Dragon,300,52,65,50,45,50,38,5
634,Zweilous,None,Dark,Dragon,420,72,85,70,65,70,58,5
635,Hydreigon,None,Dark,Dragon,600,92,105,90,125,90,98,5
636,Larvesta,None,Bug,Fire,360,55,85,55,50,55,60,5
637,Volcarona,None,Bug,Fire,550,85,60,65,135,105,100,5
638,Cobalion,None,Steel,Fighting,580,91,90,129,90,72,108,5
639,Terrakion,None,Rock,Fighting,580,91,129,90,72,90,108,5
640,Virizion,None,Grass,Fighting,580,91,90,72,90,129,108,5
641,Tornadus,Incarnate Forme,Flying,None,580,79,115,70,125,80,111,5
642,Thundurus,Incarnate Forme,Electric,Flying,580,79,115,70,125,80,111,5
643,Reshiram,None,Dragon,Fire,680,100,120,100,150,120,90,5
644,Zekrom,None,Dragon,Electric,680,100,150,120,120,100,90,5
645,Landorus,Incarnate Forme,Ground,Flying,600,89,125,90,115,80,101,5
646,Kyurem,None,Dragon,Ice,660,125,130,90,130,90,95,5
647,Keldeo,Ordinary Form,Water,Fighting,580,91,72,90,129,90,108,5
648,Meloetta,Aria Forme,Normal,Psychic,600,100,77,77,128,128,90,5
649,Genesect,None,Bug,Steel,600,71,120,95,120,95,99,5
650,Chespin,None,Grass,None,313,56,61,65,48,45,38,6
651,Quilladin,None,Grass,None,405,61,78,95,56,58,57,6
652,Chesnaught,None,Grass,Fighting,530,88,107,122,74,75,64,6
653,Fennekin,None,Fire,None,307,40,45,40,62,60,60,6
654,Braixen,None,Fire,None,409,59,59,58,90,70,73,6
655,Delphox,None,Fire,Psychic,534,75,69,72,114,100,104,6
656,Froakie,None,Water,None,314,41,56,40,62,44,71,6
657,Frogadier,None,Water,None,405,54,63,52,83,56,97,6
658,Greninja,None,Water,Dark,530,72,95,67,103,71,122,6
659,Bunnelby,None,Normal,None,237,38,36,38,32,36,57,6
660,Diggersby,None,Normal,Ground,423,85,56,77,50,77,78,6
661,Fletchling,None,Normal,Flying,278,45,50,43,40,38,62,6
662,Fletchinder,None,Fire,Flying,382,62,73,55,56,52,84,6
663,Talonflame,None,Fire,Flying,499,78,81,71,74,69,126,6
664,Scatterbug,None,Bug,None,200,38,35,40,27,25,35,6
665,Spewpa,None,Bug,None,213,45,22,60,27,30,29,6
666,Vivillon,None,Bug,Flying,411,80,52,50,90,50,89,6
667,Litleo,None,Fire,Normal,369,62,50,58,73,54,72,6
668,Pyroar,None,Fire,Normal,507,86,68,72,109,66,106,6
669,Flabébé,None,Fairy,None,303,44,38,39,61,79,42,6
670,Floette,None,Fairy,None,371,54,45,47,75,98,52,6
671,Florges,None,Fairy,None,552,78,65,68,112,154,75,6
672,Skiddo,None,Grass,None,350,66,65,48,62,57,52,6
673,Gogoat,None,Grass,None,531,123,100,62,97,81,68,6
674,Pancham,None,Fighting,None,348,67,82,62,46,48,43,6
675,Pangoro,None,Fighting,Dark,495,95,124,78,69,71,58,6
676,Furfrou,None,Normal,None,472,75,80,60,65,90,102,6
677,Espurr,None,Psychic,None,355,62,48,54,63,60,68,6
678,Meowstic,Female,Psychic,None,466,74,48,76,83,81,104,6
679,Honedge,None,Steel,Ghost,325,45,80,100,35,37,28,6
680,Doublade,None,Steel,Ghost,448,59,110,150,45,49,35,6
681,Aegislash,Blade Forme,Steel,Ghost,500,60,140,50,140,50,60,6
682,Spritzee,None,Fairy,None,341,78,52,60,63,65,23,6
683,Aromatisse,None,Fairy,None,462,101,72,72,99,89,29,6
684,Swirlix,None,Fairy,None,341,62,48,66,59,57,49,6
685,Slurpuff,None,Fairy,None,480,82,80,86,85,75,72,6
686,Inkay,None,Dark,Psychic,288,53,54,53,37,46,45,6
687,Malamar,None,Dark,Psychic,482,86,92,88,68,75,73,6
688,Binacle,None,Rock,Water,306,42,52,67,39,56,50,6
689,Barbaracle,None,Rock,Water,500,72,105,115,54,86,68,6
690,Skrelp,None,Poison,Water,320,50,60,60,60,60,30,6
691,Dragalge,None,Poison,Dragon,494,65,75,90,97,123,44,6
692,Clauncher,None,Water,None,330,50,53,62,58,63,44,6
693,Clawitzer,None,Water,None,500,71,73,88,120,89,59,6
694,Helioptile,None,Electric,Normal,289,44,38,33,61,43,70,6
695,Heliolisk,None,Electric,Normal,481,62,55,52,109,94,109,6
696,Tyrunt,None,Rock,Dragon,362,58,89,77,45,45,48,6
697,Tyrantrum,None,Rock,Dragon,521,82,121,119,69,59,71,6
698,Amaura,None,Rock,Ice,362,77,59,50,67,63,46,6
699,Aurorus,None,Rock,Ice,521,123,77,72,99,92,58,6
700,Sylveon,None,Fairy,None,525,95,65,65,110,130,60,6
701,Hawlucha,None,Fighting,Flying,500,78,92,75,74,63,118,6
702,Dedenne,None,Electric,Fairy,431,67,58,57,81,67,101,6
703,Carbink,None,Rock,Fairy,500,50,50,150,50,150,50,6
704,Goomy,None,Dragon,None,300,45,50,35,55,75,40,6
705,Sliggoo,None,Dragon,None,452,68,75,53,83,113,60,6
706,Goodra,None,Dragon,None,600,90,100,70,110,150,80,6
707,Klefki,None,Steel,Fairy,470,57,80,91,80,87,75,6
708,Phantump,None,Ghost,Grass,309,43,70,48,50,60,38,6
709,Trevenant,None,Ghost,Grass,474,85,110,76,65,82,56,6
710,Pumpkaboo,Average Size,Ghost,Grass,335,49,66,70,44,55,51,6
711,Gourgeist,Average Size,Ghost,Grass,494,65,90,122,58,75,84,6
712,Bergmite,None,Ice,None,304,55,69,85,32,35,28,6
713,Avalugg,None,Ice,None,514,95,117,184,44,46,28,6
714,Noibat,None,Flying,Dragon,245,40,30,35,45,40,55,6
715,Noivern,None,Flying,Dragon,535,85,70,80,97,80,123,6
716,Xerneas,None,Fairy,None,680,126,131,95,131,98,99,6
717,Yveltal,None,Dark,Flying,680,126,131,95,131,98,99,6
718,Zygarde10% Forme,None,Dragon,Ground,486,54,100,71,61,85,115,7
719,Diancie,None,Rock,Fairy,600,50,100,150,100,150,50,6
720,Hoopa,Hoopa Confined,Psychic,Ghost,600,80,110,60,150,130,70,6
721,Volcanion,None,Fire,Water,600,80,110,120,130,90,70,6
722,Rowlet,None,Grass,Flying,320,68,55,55,50,50,42,7
723,Dartrix,None,Grass,Flying,420,78,75,75,70,70,52,7
724,Decidueye,None,Grass,Ghost,530,78,107,75,100,100,70,7
725,Litten,None,Fire,None,320,45,65,40,60,40,70,7
726,Torracat,None,Fire,None,420,65,85,50,80,50,90,7
727,Incineroar,None,Fire,Dark,530,95,115,90,80,90,60,7
728,Popplio,None,Water,None,320,50,54,54,66,56,40,7
729,Brionne,None,Water,None,420,60,69,69,91,81,50,7
730,Primarina,None,Water,Fairy,530,80,74,74,126,116,60,7
731,Pikipek,None,Normal,Flying,265,35,75,30,30,30,65,7
732,Trumbeak,None,Normal,Flying,355,55,85,50,40,50,75,7
733,Toucannon,None,Normal,Flying,485,80,120,75,75,75,60,7
734,Yungoos,None,Normal,None,253,48,70,30,30,30,45,7
735,Gumshoos,None,Normal,None,418,88,110,60,55,60,45,7
736,Grubbin,None,Bug,None,300,47,62,45,55,45,46,7
737,Charjabug,None,Bug,Electric,400,57,82,95,55,75,36,7
738,Vikavolt,None,Bug,Electric,500,77,70,90,145,75,43,7
739,Crabrawler,None,Fighting,None,338,47,82,57,42,47,63,7
740,Crabominable,None,Fighting,Ice,478,97,132,77,62,67,43,7
741,Oricorio,Baile Style,Fire,Flying,476,75,70,70,98,70,93,7
742,Cutiefly,None,Bug,Fairy,304,40,45,40,55,40,84,7
743,Ribombee,None,Bug,Fairy,464,60,55,60,95,70,124,7
744,Rockruff,None,Rock,None,280,45,65,40,30,40,60,7
745,Lycanroc,Dusk Form,Rock,None,487,75,117,65,55,65,110,7
746,Wishiwashi,School Form,Water,None,620,45,140,130,140,135,30,7
747,Mareanie,None,Poison,Water,305,50,53,62,43,52,45,7
748,Toxapex,None,Poison,Water,495,50,63,152,53,142,35,7
749,Mudbray,None,Ground,None,385,70,100,70,45,55,45,7
750,Mudsdale,None,Ground,None,500,100,125,100,55,85,35,7
751,Dewpider,None,Water,Bug,269,38,40,52,40,72,27,7
752,Araquanid,None,Water,Bug,454,68,70,92,50,132,42,7
753,Fomantis,None,Grass,None,250,40,55,35,50,35,35,7
754,Lurantis,None,Grass,None,480,70,105,90,80,90,45,7
755,Morelull,None,Grass,Fairy,285,40,35,55,65,75,15,7
756,Shiinotic,None,Grass,Fairy,405,60,45,80,90,100,30,7
757,Salandit,None,Poison,Fire,320,48,44,40,71,40,77,7
758,Salazzle,None,Poison,Fire,480,68,64,60,111,60,117,7
759,Stufful,None,Normal,Fighting,340,70,75,50,45,50,50,7
760,Bewear,None,Normal,Fighting,500,120,125,80,55,60,60,7
761,Bounsweet,None,Grass,None,210,42,30,38,30,38,32,7
762,Steenee,None,Grass,None,290,52,40,48,40,48,62,7
763,Tsareena,None,Grass,None,510,72,120,98,50,98,72,7
764,Comfey,None,Fairy,None,485,51,52,90,82,110,100,7
765,Oranguru,None,Normal,Psychic,490,90,60,80,90,110,60,7
766,Passimian,None,Fighting,None,490,100,120,90,40,60,80,7
767,Wimpod,None,Bug,Water,230,25,35,40,20,30,80,7
768,Golisopod,None,Bug,Water,530,75,125,140,60,90,40,7
769,Sandygast,None,Ghost,Ground,320,55,55,80,70,45,15,7
770,Palossand,None,Ghost,Ground,480,85,75,110,100,75,35,7
771,Pyukumuku,None,Water,None,410,55,60,130,30,130,5,7
772,Type: Null,None,Normal,None,534,95,95,95,95,95,59,7
773,Silvally,None,Normal,None,570,95,95,95,95,95,95,7
774,Minior,Core Form,Rock,Flying,500,60,100,60,100,60,120,7
775,Komala,None,Normal,None,480,65,115,65,75,95,65,7
776,Turtonator,None,Fire,Dragon,485,60,78,135,91,85,36,7
777,Togedemaru,None,Electric,Steel,435,65,98,63,40,73,96,7
778,Mimikyu,None,Ghost,Fairy,476,55,90,80,50,105,96,7
779,Bruxish,None,Water,Psychic,475,68,105,70,70,70,92,7
780,Drampa,None,Normal,Dragon,485,78,60,85,135,91,36,7
781,Dhelmise,None,Ghost,Grass,517,70,131,100,86,90,40,7
782,Jangmo-o,None,Dragon,None,300,45,55,65,45,45,45,7
783,Hakamo-o,None,Dragon,Fighting,420,55,75,90,65,70,65,7
784,Kommo-o,None,Dragon,Fighting,600,75,110,125,100,105,85,7
785,Tapu Koko,None,Electric,Fairy,570,70,115,85,95,75,130,7
786,Tapu Lele,None,Psychic,Fairy,570,70,85,75,130,115,95,7
787,Tapu Bulu,None,Grass,Fairy,570,70,130,115,85,95,75,7
788,Tapu Fini,None,Water,Fairy,570,70,75,115,95,130,85,7
789,Cosmog,None,Psychic,None,200,43,29,31,29,31,37,7
790,Cosmoem,None,Psychic,None,400,43,29,131,29,131,37,7
791,Solgaleo,None,Psychic,Steel,680,137,137,107,113,89,97,7
792,Lunala,None,Psychic,Ghost,680,137,113,89,137,107,97,7
793,Nihilego,None,Rock,Poison,570,109,53,47,127,131,103,7
794,Buzzwole,None,Bug,Fighting,570,107,139,139,53,53,79,7
795,Pheromosa,None,Bug,Fighting,570,71,137,37,137,37,151,7
796,Xurkitree,None,Electric,None,570,83,89,71,173,71,83,7
797,Celesteela,None,Steel,Flying,570,97,101,103,107,101,61,7
798,Kartana,None,Grass,Steel,570,59,181,131,59,31,109,7
799,Guzzlord,None,Dark,Dragon,570,223,101,53,97,53,43,7
800,Necrozma,None,Psychic,None,600,97,107,101,127,89,79,7
801,Magearna,None,Steel,Fairy,600,80,95,115,130,115,65,7
802,Marshadow,None,Fighting,Ghost,600,90,125,80,90,90,125,7
803,Poipole,None,Poison,None,420,67,73,67,73,67,73,7
804,Naganadel,None,Poison,Dragon,540,73,73,73,127,73,121,7
805,Stakataka,None,Rock,Steel,570,61,131,211,53,101,13,7
806,Blacephalon,None,Fire,Ghost,570,53,127,53,151,79,107,7
807,Zeraora,None,Electric,None,600,88,112,75,102,80,143,7
808,Meltan,None,Steel,None,300,46,65,65,55,35,34,7
809,Melmetal,None,Steel,None,600,135,143,143,80,65,34,7
810,Grookey,None,Grass,None,310,50,65,50,40,40,65,8
811,Thwackey,None,Grass,None,420,70,85,70,55,60,80,8
812,Rillaboom,None,Grass,None,530,100,125,90,60,70,85,8
813,Scorbunny,None,Fire,None,310,50,71,40,40,40,69,8
814,Raboot,None,Fire,None,420,65,86,60,55,60,94,8
815,Cinderace,None,Fire,None,530,80,116,75,65,75,119,8
816,Sobble,None,Water,None,310,50,40,40,70,40,70,8
817,Drizzile,None,Water,None,420,65,60,55,95,55,90,8
818,Inteleon,None,Water,None,530,70,85,65,125,65,120,8
819,Skwovet,None,Normal,None,275,70,55,55,35,35,25,8
820,Greedent,None,Normal,None,460,120,95,95,55,75,20,8
821,Rookidee,None,Flying,None,245,38,47,35,33,35,57,8
822,Corvisquire,None,Flying,None,365,68,67,55,43,55,77,8
823,Corviknight,None,Flying,Steel,495,98,87,105,53,85,67,8
824,Blipbug,None,Bug,None,180,25,20,20,25,45,45,8
825,Dottler,None,Bug,Psychic,335,50,35,80,50,90,30,8
826,Orbeetle,None,Bug,Psychic,505,60,45,110,80,120,90,8
827,Nickit,None,Dark,None,245,40,28,28,47,52,50,8
828,Thievul,None,Dark,None,455,70,58,58,87,92,90,8
829,Gossifleur,None,Grass,None,250,40,40,60,40,60,10,8
830,Eldegoss,None,Grass,None,460,60,50,90,80,120,60,8
831,Wooloo,None,Normal,None,270,42,40,55,40,45,48,8
832,Dubwool,None,Normal,None,490,72,80,100,60,90,88,8
833,Chewtle,None,Water,None,284,50,64,50,38,38,44,8
834,Drednaw,None,Water,Rock,485,90,115,90,48,68,74,8
835,Yamper,None,Electric,None,270,59,45,50,40,50,26,8
836,Boltund,None,Electric,None,490,69,90,60,90,60,121,8
837,Rolycoly,None,Rock,None,240,30,40,50,40,50,30,8
838,Carkol,None,Rock,Fire,410,80,60,90,60,70,50,8
839,Coalossal,None,Rock,Fire,510,110,80,120,80,90,30,8
840,Applin,None,Grass,Dragon,260,40,40,80,40,40,20,8
841,Flapple,None,Grass,Dragon,485,70,110,80,95,60,70,8
842,Appletun,None,Grass,Dragon,485,110,85,80,100,80,30,8
843,Silicobra,None,Ground,None,315,52,57,75,35,50,46,8
844,Sandaconda,None,Ground,None,510,72,107,125,65,70,71,8
845,Cramorant,None,Flying,Water,475,70,85,55,85,95,85,8
846,Arrokuda,None,Water,None,280,41,63,40,40,30,66,8
847,Barraskewda,None,Water,None,490,61,123,60,60,50,136,8
848,Toxel,None,Electric,Poison,242,40,38,35,54,35,40,8
849,Toxtricity,Amped Form,Electric,Poison,502,75,98,70,114,70,75,8
850,Sizzlipede,None,Fire,Bug,305,50,65,45,50,50,45,8
851,Centiskorch,None,Fire,Bug,525,100,115,65,90,90,65,8
852,Clobbopus,None,Fighting,None,310,50,68,60,50,50,32,8
853,Grapploct,None,Fighting,None,480,80,118,90,70,80,42,8
854,Sinistea,None,Ghost,None,308,40,45,45,74,54,50,8
855,Polteageist,None,Ghost,None,508,60,65,65,134,114,70,8
856,Hatenna,None,Psychic,None,265,42,30,45,56,53,39,8
857,Hattrem,None,Psychic,None,370,57,40,65,86,73,49,8
858,Hatterene,None,Psychic,Fairy,510,57,90,95,136,103,29,8
859,Impidimp,None,Dark,Fairy,265,45,45,30,55,40,50,8
860,Morgrem,None,Dark,Fairy,370,65,60,45,75,55,70,8
861,Grimmsnarl,None,Dark,Fairy,510,95,120,65,95,75,60,8
862,Obstagoon,None,Dark,Normal,520,93,90,101,60,81,95,8
863,Perrserker,None,Steel,None,440,70,110,100,50,60,50,8
864,Cursola,None,Ghost,None,510,60,95,50,145,130,30,8
865,Sirfetch'd,None,Fighting,None,507,62,135,95,68,82,65,8
866,Mr. Rime,None,Ice,Psychic,520,80,85,75,110,100,70,8
867,Runerigus,None,Ground,Ghost,483,58,95,145,50,105,30,8
868,Milcery,None,Fairy,None,270,45,40,40,50,61,34,8
869,Alcremie,None,Fairy,None,495,65,60,75,110,121,64,8
870,Falinks,None,Fighting,None,470,65,100,100,70,60,75,8
871,Pincurchin,None,Electric,None,435,48,101,95,91,85,15,8
872,Snom,None,Ice,Bug,185,30,25,35,45,30,20,8
873,Frosmoth,None,Ice,Bug,475,70,65,60,125,90,65,8
874,Stonjourner,None,Rock,None,470,100,125,135,20,20,70,8
875,Eiscue,Ice Face,Ice,None,470,75,80,110,65,90,50,8
876,Indeedee,Female,Psychic,Normal,475,70,55,65,95,105,85,8
877,Morpeko,Full Belly Mode,Electric,Dark,436,58,95,58,70,58,97,8
878,Cufant,None,Steel,None,330,72,80,49,40,49,40,8
879,Copperajah,None,Steel,None,500,122,130,69,80,69,30,8
880,Dracozolt,None,Electric,Dragon,505,90,100,90,80,70,75,8
881,Arctozolt,None,Electric,Ice,505,90,100,90,90,80,55,8
882,Dracovish,None,Water,Dragon,505,90,90,100,70,80,75,8
883,Arctovish,None,Water,Ice,505,90,90,100,80,90,55,8
884,Duraludon,None,Steel,Dragon,535,70,95,115,120,50,85,8
885,Dreepy,None,Dragon,Ghost,270,28,60,30,40,30,82,8
886,Drakloak,None,Dragon,Ghost,410,68,80,50,60,50,102,8
887,Dragapult,None,Dragon,Ghost,600,88,120,75,100,75,142,8
888,Zacian,Crowned Sword,Fairy,Steel,700,92,150,115,80,115,148,8
889,Zamazenta,Crowned Shield,Fighting,Steel,700,92,120,140,80,140,128,8
890,Eternatus,None,Poison,Dragon,690,140,85,95,145,95,130,8
891,Kubfu,None,Fighting,None,385,60,90,60,53,50,72,8
892,Urshifu,Rapid Strike Style,Fighting,Water,550,100,130,100,63,60,97,8
893,Zarude,None,Dark,Grass,600,105,120,105,70,95,105,8
894,Regieleki,None,Electric,None,580,80,100,50,100,50,200,8
895,Regidrago,None,Dragon,None,580,200,100,50,100,50,80,8
896,Glastrier,None,Ice,None,580,100,145,130,65,110,30,8
897,Spectrier,None,Ghost,None,580,100,65,60,145,80,130,8
898,Calyrex,None,Psychic,Grass,500,100,80,80,80,80,80,8
899,Wyrdeer,None,Normal,Psychic,525,103,105,72,105,75,65,8
900,Kleavor,None,Bug,Rock,500,70,130,95,45,75,85,8
901,Ursaluna,None,Ground,Normal,550,130,140,105,45,80,50,8
902,Basculegion,Female,Water,Ghost,530,120,92,65,100,75,78,8
903,Sneasler,None,Fighting,Poison,510,80,130,60,40,80,120,8
904,Overqwil,None,Dark,Poison,510,85,115,95,65,65,85,8
905,Enamorus,Incarnate Forme,Fairy,Flying,580,74,115,70,135,80,106,8
906,Sprigatito,None,Grass,None,310,40,61,54,45,45,65,9
907,Floragato,None,Grass,None,410,61,80,63,60,63,83,9
908,Meowscarada,None,Grass,Dark,530,76,110,70,81,70,123,9
909,Fuecoco,None,Fire,None,310,67,45,59,63,40,36,9
910,Crocalor,None,Fire,None,411,81,55,78,90,58,49,9
911,Skeledirge,None,Fire,Ghost,530,104,75,100,110,75,66,9
912,Quaxly,None,Water,None,310,55,65,45,50,45,50,9
913,Quaxwell,None,Water,None,410,70,85,65,65,60,65,9
914,Quaquaval,None,Water,Fighting,530,85,120,80,85,75,85,9
915,Lechonk,None,Normal,None,254,54,45,40,35,45,35,9
916,Oinkologne,Female,Normal,None,489,115,90,70,59,90,65,9
917,Tarountula,None,Bug,None,210,35,41,45,29,40,20,9
918,Spidops,None,Bug,None,404,60,79,92,52,86,35,9
919,Nymble,None,Bug,None,210,33,46,40,21,25,45,9
920,Lokix,None,Bug,Dark,450,71,102,78,52,55,92,9
921,Pawmi,None,Electric,None,240,45,50,20,40,25,60,9
922,Pawmo,None,Electric,Fighting,350,60,75,40,50,40,85,9
923,Pawmot,None,Electric,Fighting,490,70,115,70,70,60,105,9
924,Tandemaus,None,Normal,None,305,50,50,45,40,45,75,9
925,Maushold,Family of Four,Normal,None,470,74,75,70,65,75,111,9
926,Fidough,None,Fairy,None,312,37,55,70,30,55,65,9
927,Dachsbun,None,Fairy,None,477,57,80,115,50,80,95,9
928,Smoliv,None,Grass,Normal,260,41,35,45,58,51,30,9
929,Dolliv,None,Grass,Normal,354,52,53,60,78,78,33,9
930,Arboliva,None,Grass,Normal,510,78,69,90,125,109,39,9
931,Squawkabilly,Blue Plumage,Normal,Flying,417,82,96,51,45,51,92,9
932,Nacli,None,Rock,None,280,55,55,75,35,35,25,9
933,Naclstack,None,Rock,None,355,60,60,100,35,65,35,9
934,Garganacl,None,Rock,None,500,100,100,130,45,90,35,9
935,Charcadet,None,Fire,None,255,40,50,40,50,40,35,9
936,Armarouge,None,Fire,Psychic,525,85,60,100,125,80,75,9
937,Ceruledge,None,Fire,Ghost,525,75,125,80,60,100,85,9
938,Tadbulb,None,Electric,None,272,61,31,41,59,35,45,9
939,Bellibolt,None,Electric,None,495,109,64,91,103,83,45,9
940,Wattrel,None,Electric,Flying,280,40,40,35,55,40,70,9
941,Kilowattrel,None,Electric,Flying,490,70,70,60,105,60,125,9
942,Maschiff,None,Dark,None,340,60,78,60,40,51,51,9
943,Mabosstiff,None,Dark,None,505,80,120,90,60,70,85,9
944,Shroodle,None,Poison,Normal,290,40,65,35,40,35,75,9
945,Grafaiai,None,Poison,Normal,485,63,95,65,80,72,110,9
946,Bramblin,None,Grass,Ghost,275,40,65,30,45,35,60,9
947,Brambleghast,None,Grass,Ghost,480,55,115,70,80,70,90,9
948,Toedscool,None,Ground,Grass,335,40,40,35,50,100,70,9
949,Toedscruel,None,Ground,Grass,515,80,70,65,80,120,100,9
950,Klawf,None,Rock,None,450,70,100,115,35,55,75,9
951,Capsakid,None,Grass,None,304,50,62,40,62,40,50,9
952,Scovillain,None,Grass,Fire,486,65,108,65,108,65,75,9
953,Rellor,None,Bug,None,270,41,50,60,31,58,30,9
954,Rabsca,None,Bug,Psychic,470,75,50,85,115,100,45,9
955,Flittle,None,Psychic,None,255,30,35,30,55,30,75,9
956,Espathra,None,Psychic,None,481,95,60,60,101,60,105,9
957,Tinkatink,None,Fairy,Steel,297,50,45,45,35,64,58,9
958,Tinkatuff,None,Fairy,Steel,380,65,55,55,45,82,78,9
959,Tinkaton,None,Fairy,Steel,506,85,75,77,70,105,94,9
960,Wiglett,None,Water,None,245,10,55,25,35,25,95,9
961,Wugtrio,None,Water,None,425,35,100,50,50,70,120,9
962,Bombirdier,None,Flying,Dark,485,70,103,85,60,85,82,9
963,Finizen,None,Water,None,315,70,45,40,45,40,75,9
964,Palafin,Hero Form,Water,None,650,100,160,97,106,87,100,9
965,Varoom,None,Steel,Poison,300,45,70,63,30,45,47,9
966,Revavroom,None,Steel,Poison,500,80,119,90,54,67,90,9
967,Cyclizar,None,Dragon,Normal,501,70,95,65,85,65,121,9
968,Orthworm,None,Steel,None,480,70,85,145,60,55,65,9
969,Glimmet,None,Rock,Poison,350,48,35,42,105,60,60,9
970,Glimmora,None,Rock,Poison,525,83,55,90,130,81,86,9
971,Greavard,None,Ghost,None,290,50,61,60,30,55,34,9
972,Houndstone,None,Ghost,None,488,72,101,100,50,97,68,9
973,Flamigo,None,Flying,Fighting,500,82,115,74,75,64,90,9
974,Cetoddle,None,Ice,None,334,108,68,45,30,40,43,9
975,Cetitan,None,Ice,None,521,170,113,65,45,55,73,9
976,Veluza,None,Water,Psychic,478,90,102,73,78,65,70,9
977,Dondozo,None,Water,None,530,150,100,115,65,65,35,9
978,Tatsugiri,Curly Form,Dragon,Water,475,68,50,60,120,95,82,9
979,Annihilape,None,Fighting,Ghost,535,110,115,80,50,90,90,9
980,Clodsire,None,Poison,Ground,430,130,75,60,45,100,20,9
981,Farigiraf,None,Normal,Psychic,520,120,90,70,110,70,60,9
982,Dudunsparce,Three-Segment Form,Normal,None,520,125,100,80,85,75,55,9
983,Kingambit,None,Dark,Steel,550,100,135,120,60,85,50,9
984,Great Tusk,None,Ground,Fighting,570,115,131,131,53,53,87,9
985,Scream Tail,None,Fairy,Psychic,570,115,65,99,65,115,111,9
986,Brute Bonnet,None,Grass,Dark,570,111,127,99,79,99,55,9
987,Flutter Mane,None,Ghost,Fairy,570,55,55,55,135,135,135,9
988,Slither Wing,None,Bug,Fighting,570,85,135,79,85,105,81,9
989,Sandy Shocks,None,Electric,Ground,570,85,81,97,121,85,101,9
990,Iron Treads,None,Ground,Steel,570,90,112,120,72,70,106,9
991,Iron Bundle,None,Ice,Water,570,56,80,114,124,60,136,9
992,Iron Hands,None,Fighting,Electric,570,154,140,108,50,68,50,9
993,Iron Jugulis,None,Dark,Flying,570,94,80,86,122,80,108,9
994,Iron Moth,None,Fire,Poison,570,80,70,60,140,110,110,9
995,Iron Thorns,None,Rock,Electric,570,100,134,110,70,84,72,9
996,Frigibax,None,Dragon,Ice,320,65,75,45,35,45,55,9
997,Arctibax,None,Dragon,Ice,423,90,95,66,45,65,62,9
998,Baxcalibur,None,Dragon,Ice,600,115,145,92,75,86,87,9
999,Gimmighoul,Chest Form,Ghost,None,300,45,30,70,75,70,10,9
1000,Gholdengo,None,Steel,Ghost,550,87,60,95,133,91,84,9
1001,Wo-Chien,None,Dark,Grass,570,85,85,100,95,135,70,9
1002,Chien-Pao,None,Dark,Ice,570,80,120,80,90,65,135,9
1003,Ting-Lu,None,Dark,Ground,570,155,110,125,55,80,45,9
1004,Chi-Yu,None,Dark,Fire,570,55,80,80,135,120,100,9
1005,Roaring Moon,None,Dragon,Dark,590,105,139,71,55,101,119,9
1006,Iron Valiant,None,Fairy,Fighting,590,74,130,90,120,60,116,9
1007,Koraidon,None,Fighting,Dragon,670,100,135,115,85,100,135,9
1008,Miraidon,None,Electric,Dragon,670,100,85,100,135,115,135,9
1009,Walking Wake,None,Water,Dragon,590,99,83,91,125,83,109,9
1010,Iron Leaves,None,Grass,Psychic,590,90,130,88,70,108,104,9
